"LIVELLO,""LIVELLO_LABEL"",""CODICE_ORIGINALE"",""CODICE_CHIAVE"",""LABEL"",""CODICE_PADRE"""
"4,""Categoria"",""129"",""4_6_2_129"",""STRUTTURE PER COLTIVAZIONI FORESTALI (VIVAI, ECC)"",""4_6_2"""
"4,""Categoria"",""999"",""4_6_2_999"",""ALTRE OPERE PER IL SETTORE SILVO-PASTORALE"",""4_6_2"""
"4,""Categoria"",""145"",""4_6_39_145"",""INTRODUZIONE TECNOLOGIE RISPETTOSE DELL'AMBIENTE E DELLA RIDUZIONE DEI CONSUMI"",""4_6_39"""
"4,""Categoria"",""146"",""4_6_39_146"",""STRUTTURE INDUSTRIALI COMUNI ED ALTRI EDIFICI ATTREZZATI"",""4_6_39"""
"4,""Categoria"",""147"",""4_6_39_147"",""CENTRI E LABORATORI ARTIGIANI"",""4_6_39"""
"4,""Categoria"",""149"",""4_6_39_149"",""INIZIATIVE DI ATTRAZIONE INVESTIMENTI E SVILUPPO PRODUTTIVO TERRITORIALE"",""4_6_39"""
"4,""Categoria"",""150"",""4_6_39_150"",""IMPIANTI, MACCHINARI ED ANNESSE OPERE MURARIE"",""4_6_39"""
"4,""Categoria"",""151"",""4_6_39_151"",""INIZIATIVE DI RICONVERSIONE INDUSTRIALE"",""4_6_39"""
"4,""Categoria"",""152"",""4_6_39_152"",""STRUTTURE PER LA LOGISTICA"",""4_6_39"""
"4,""Categoria"",""153"",""4_6_39_153"",""ATTREZZATURE O DOTAZIONI INFORMATICHE"",""4_6_39"""
"4,""Categoria"",""999"",""4_6_39_999"",""ALTRE OPERE ED IMPIANTI PER ATTIVITA' INDUSTRIALI"",""4_6_39"""
"4,""Categoria"",""4"",""4_6_41_4"",""STRUTTURE RICETTIVE PER AGRITURISMO E TURISMO RURALE"",""4_6_41"""
"4,""Categoria"",""155"",""4_6_41_155"",""ALBERGHI"",""4_6_41"""
"4,""Categoria"",""156"",""4_6_41_156"",""CENTRI DI INFORMAZIONE / ACCOGLIENZA"",""4_6_41"""
"4,""Categoria"",""157"",""4_6_41_157"",""ALTRE STRUTTURE DI RICETTIVITA' TURISTICA"",""4_6_41"""
"4,""Categoria"",""999"",""4_6_41_999"",""ALTRE STRUTTURE E IMPIANTI PER IL TURISMO"",""4_6_41"""
"4,""Categoria"",""149"",""4_6_42_149"",""CENTRI COMMERCIALI"",""4_6_42"""
"4,""Categoria"",""158"",""4_6_42_158"",""MAGAZZINI"",""4_6_42"""
"4,""Categoria"",""160"",""4_6_42_160"",""STRUTTURE PER SERVIZI DI ANNONA"",""4_6_42"""
"4,""Categoria"",""170"",""4_6_42_170"",""IMPIANTI E MACCHINARI PER IL COMMERCIO ED I SERVIZI"",""4_6_42"""
"4,""Categoria"",""999"",""4_6_42_999"",""ALTRE STRUTTURE PER IL COMMERCIO ED I SERVIZI"",""4_6_42"""
"4,""Categoria"",""1"",""4_6_43_1"",""SPAZI E STRUTTURE PER LE ATTIVITA' DI IMPRESA SOCIALE"",""4_6_43"""
"4,""Categoria"",""201"",""4_9_20_201"",""CONSULENZA E ASSISTENZA  ALLA GESTIONE DI IMPRESE AGRICOLE E FORESTALI"",""4_9_20"""
"4,""Categoria"",""202"",""4_9_20_202"",""INIZIATIVE PER ATTIVITA' RICREATIVE E DIDATTICHE"",""4_9_20"""
"4,""Categoria"",""203"",""4_9_20_203"",""SERVIZI ALL'ECONOMIA RURALE"",""4_9_20"""
"4,""Categoria"",""204"",""4_9_20_204"",""CENTRI DI INFORMAZIONE DEL PATRIMONIO RURALE"",""4_9_20"""
"4,""Categoria"",""206"",""4_9_20_206"",""CONSULENZA E ASSISTENZA NEL SETTORE DELLA PESCA E DELL'ACQUACOLTURA"",""4_9_20"""
"4,""Categoria"",""207"",""4_9_20_207"",""SERVIZI PER L'INTERNAZIONALIZZAZIONE E PROMOZIONE EXPORT"",""4_9_20"""
"4,""Categoria"",""208"",""4_9_20_208"",""SERVIZI PER LA TRASFORMAZIONE, COMMERCIALIZZAZIONE E PROMOZIONE DEI PRODOTTI DELLA PESCA E DELL'ACQUACOLTURA "",""4_9_20"""
"4,""Categoria"",""210"",""4_9_20_210"",""SERVIZI PER LA TRASFORMAZIONE E COMMERCIALIZZAZIONE DEI PRODOTTI AGRICOLI"",""4_9_20"""
"4,""Categoria"",""211"",""4_9_20_211"",""RICOMPOSIZIONE FONDIARIA"",""4_9_20"""
"4,""Categoria"",""212"",""4_9_20_212"",""PROMOZIONE E INFORMAZIONE DEI PRODOTTI "",""4_9_20"""
"4,""Categoria"",""213"",""4_9_20_213"",""SERVIZI PER IL CONTROLLO DI QUALITA' DEI PRODOTTI AGRICOLI"",""4_9_20"""
"4,""Categoria"",""214"",""4_9_20_214"",""SERVIZI TELEMATICI ED INFORMATICI"",""4_9_20"""
"4,""Categoria"",""215"",""4_9_20_215"",""PROMOZIONE DELL'OFFERTA AGRITURISTICA"",""4_9_20"""
"4,""Categoria"",""216"",""4_9_20_216"",""ALTRI SERVIZI ALLE IMPRESE AGRICOLE, FORESTALI,  DELLA PESCA E ACQUACOLTURA"",""4_9_20"""
"4,""Categoria"",""217"",""4_9_20_217"",""ADESIONE AI REGIMI DI QUALITA' PER LE PRODUZIONI AGRICOLE"",""4_9_20"""
"4,""Categoria"",""210"",""4_9_21_210"",""SERVIZI COMUNI INTERAZIENDALI"",""4_9_21"""
"4,""Categoria"",""211"",""4_9_21_211"",""SERVIZI DI CONSULENZA ALLE IMPRESE"",""4_9_21"""
"4,""Categoria"",""212"",""4_9_21_212"",""SERVIZI E APPLICAZIONI TELEMATICHE PER LE PMI"",""4_9_21"""
"4,""Categoria"",""213"",""4_9_21_213"",""SERVIZI PER L'INTERNAZIONALIZZAZIONE E PROMOZIONE EXPORT"",""4_9_21"""
"4,""Categoria"",""222"",""4_9_21_222"",""SERVIZI COMUNI DI PROMOZIONE DELL'OFFERTA DI PRODOTTI DELL'INDUSTRIA"",""4_9_21"""
"4,""Categoria"",""229"",""4_9_21_229"",""ALTRI SERVIZI ALLE IMPRESE INDUSTRIALI"",""4_9_21"""
"4,""Categoria"",""218"",""4_9_22_218"",""SERVIZI COMUNI DI PROMOZIONE DELL'OFFERTA TURISTICA"",""4_9_22"""
"4,""Categoria"",""219"",""4_9_22_219"",""SERVIZI DI CONSULENZA PER LA VALORIZZAZIONE DELL'OFFERTA TURISTICA"",""4_9_22"""
"4,""Categoria"",""220"",""4_9_22_220"",""SERVIZI COMUNI PER LA FRUIZIONE DEI BENI CULTURALI"",""4_9_22"""
"4,""Categoria"",""221"",""4_9_22_221"",""SERVIZI COMUNI PER LA FRUIZIONE DEI BENI AMBIENTALI"",""4_9_22"""
"4,""Categoria"",""222"",""4_9_22_222"",""SERVIZI PER L'INTERNAZIONALIZZAZIONE E PROMOZIONE EXPORT"",""4_9_22"""
"4,""Categoria"",""999"",""4_9_22_999"",""ALTRI SERVIZI ALLE IMPRESE TURISTICHE"",""4_9_22"""
"4,""Categoria"",""1"",""4_9_23_1"",""SERVIZI FINANZIARI PER LE IMPRESE INDUSTRIALI E COMMERCIALI"",""4_9_23"""
"4,""Categoria"",""205"",""4_9_23_205"",""SERVIZI FINANZIARI ALLE IMPRESE AGRICOLE, DELLA PESCA ED ACQUACOLTURA"",""4_9_23"""
"4,""Categoria"",""231"",""4_9_25_231"",""SERVIZI COMUNI DI PROMOZIONE DELL'OFFERTA COMMERCIALE"",""4_9_25"""
"4,""Categoria"",""232"",""4_9_25_232"",""SERVIZI DI CONSULENZA ALLE IMPRESE DEL COMMERCIO"",""4_9_25"""
"4,""Categoria"",""233"",""4_9_25_233"",""SERVIZI PER L'INTERNAZIONALIZZAZIONE E PROMOZIONE EXPORT "",""4_9_25"""
"4,""Categoria"",""239"",""4_9_25_239"",""ALTRI SERVIZI ALLE IMPRESE COMMERCIALI"",""4_9_25"""
"4,""Categoria"",""101"",""4_9_26_101"",""SERVIZI PER L'INCUBAZIONE D'IMPRESA E L'INNOVAZIONE"",""4_9_26"""
"4,""Categoria"",""102"",""4_9_26_102"",""SERVIZI DI SUPPORTO ALL'AVVIO ATTIVITA' D'IMPRESA E IMPRENDITORIALITA'"",""4_9_26"""
"4,""Categoria"",""103"",""4_9_26_103"",""SERVIZI DI SUPPORTO ALL'IMPRESA SOCIALE"",""4_9_26"""
"4,""Categoria"",""1"",""5_11_70_1"",""FORMAZIONE E ISTRUZIONE ALL'INTERNO DELL'OBBLIGO SCOLASTICO"",""5_11_70"""
"4,""Categoria"",""2"",""5_11_70_2"",""SERVIZI PER L'INFANZIA"",""5_11_70"""
"4,""Categoria"",""3"",""5_11_70_3"",""FORMAZIONE PER ADULTI"",""5_11_70"""
"4,""Categoria"",""4"",""5_11_70_4"",""ORIENTAMENTO SCOLASTICO E FORMATIVO"",""5_11_70"""
"4,""Categoria"",""5"",""5_11_70_5"",""BORSE DI STUDIO"",""5_11_70"""
"4,""Categoria"",""6"",""5_11_70_6"",""STAGE, TIROCINI E PERCORSI DI ALTERNANZA SCUOLA LAVORO"",""5_11_70"""
"4,""Categoria"",""7"",""5_11_70_7"",""PROGETTI E MOBILITA' INTERNAZIONALI"",""5_11_70"""
"4,""Categoria"",""1"",""5_11_71_1"",""FORMAZIONE ALL'INTERNO DELL'OBBLIGO SCOLASTICO"",""5_11_71"""
"4,""Categoria"",""2"",""5_11_71_2"",""ISTRUZIONE E FORMAZIONE PROFESSIONALE PRESSO CENTRI ACCREDITATI PER LA QUALIFICA (IeFP)"",""5_11_71"""
"4,""Categoria"",""3"",""5_11_71_3"",""FORMAZIONE POST QUALIFICA E POST DIPLOMA"",""5_11_71"""
"4,""Categoria"",""4"",""5_11_71_4"",""IFTS (ISTRUZIONE E FORMAZIONE TECNICA SUPERIORE)"",""5_11_71"""
"4,""Categoria"",""5"",""5_11_71_5"",""FORMAZIONE NELL'AMBITO DEI CONTRATTI DI FORMAZIONE LAVORO"",""5_11_71"""
"4,""Categoria"",""6"",""5_11_71_6"",""FORMAZIONE NELL'AMBITO DELL'APPRENDISTATO POST OBBLIGO FORMATIVO (PROFESSIONALIZZANTE)"",""5_11_71"""
"4,""Categoria"",""7"",""5_11_71_7"",""ISTRUZIONE E FORMAZIONE PROFESSIONALE PRESSO GLI IPS (IeFP)"",""5_11_71"""
"4,""Categoria"",""8"",""5_11_71_8"",""ISTRUZIONE E FORMAZIONE PROFESSIONALE PRESSO CENTRI ACCREDITATI PER IL DIPLOMA PROFESSIONALE (IeFP)"",""5_11_71"""
"4,""Categoria"",""9"",""5_11_71_9"",""FORMAZIONE PER LA CREAZIONE D'IMPRESA"",""5_11_71"""
"4,""Categoria"",""10"",""5_11_71_10"",""FORMAZIONE PER OCCUPATI (O FORMAZIONE CONTINUA)"",""5_11_71"""
"4,""Categoria"",""11"",""5_11_71_11"",""FORMAZIONE PER RICERCATORI"",""5_11_71"""
"4,""Categoria"",""12"",""5_11_71_12"",""ISTRUZIONE E FORMAZIONE PROFESSIONALE PRESSO GLI IPS PER IL DIPLOMA PROFESSIONALE (IeFP)"",""5_11_71"""
"4,""Categoria"",""13"",""5_11_71_13"",""FORMAZIONE NELL'AMBITO DELL'APPRENDISTATO ALL'INTERNO DELL'OBBLIGO FORMATIVO (PER QUALIFICA E DIPLOMA PROFESSIONALE)"",""5_11_71"""
"4,""Categoria"",""14"",""5_11_71_14"",""PERCORSI SCOLASTICI FORMATIVI ALL'INTERNO DELL'OBBLIGO FORMATIVO"",""5_11_71"""
"4,""Categoria"",""15"",""5_11_71_15"",""ALTRA FORMAZIONE ALL'INTERNO DELL'OBBLIGO FORMATIVO"",""5_11_71"""
"4,""Categoria"",""16"",""5_11_71_16"",""IFTS (ISTRUZIONE E FORMAZIONE TECNICA SUPERIORE) - AZIONI DI SISTEMA E INTERVENTI QUALIFICANTI"",""5_11_71"""
"4,""Categoria"",""17"",""5_11_71_17"",""ALTA FORMAZIONE ITS"",""5_11_71"""
"4,""Categoria"",""18"",""5_11_71_18"",""INTERVENTI INTEGRATI DI FORMAZIONE PER PERSONE VULNERABILI"",""5_11_71"""
"4,""Categoria"",""19"",""5_11_71_19"",""FORMAZIONE NELL'AMBITO DELL'APPRENDISTATO DI ALTA FORMAZIONE E RICERCA"",""5_11_71"""
"4,""Categoria"",""20"",""5_11_71_20"",""FORMAZIONE FINALIZZATA AL REINSERIMENTO LAVORATIVO"",""5_11_71"""
"4,""Categoria"",""71"",""5_11_71_71"",""ALTA FORMAZIONE NELL'AMBITO DEI CICLI UNIVERSITARI"",""5_11_71"""
"4,""Categoria"",""72"",""5_11_71_72"",""ALTA FORMAZIONE POST CICLO UNIVERSITARIO"",""5_11_71"""
"4,""Categoria"",""81"",""5_11_71_81"",""FORMAZIONE PERMANENTE AGGIORNAMENTO CULTURALE"",""5_11_71"""
"4,""Categoria"",""82"",""5_11_71_82"",""FORMAZIONE PERMANENTE AGGIORNAMENTO PROFESSIONALE E TECNICO"",""5_11_71"""
"4,""Categoria"",""708"",""5_11_71_708"",""FORMAZIONE CONGIUNTA DI FORMATORI, DOCENTI, TUTOR AZIENDALI E PERSONALE UNIVERSITÀ"",""5_11_71"""
"4,""Categoria"",""709"",""5_11_71_709"",""FORMAZIONE PROFESSIONALE IN AGRICOLTURA E NEL SETTORE FORESTALE"",""5_11_71"""
"4,""Categoria"",""710"",""5_11_71_710"",""FORMAZIONE PROFESSIONALE NEL SETTORE DELLA PESCA E DELL'ACQUACOLTURA"",""5_11_71"""
"4,""Categoria"",""999"",""5_11_71_999"",""ALTRE ATTIVITA' DI POTENZIAMENTO DELL'ISTRUZIONE E DELLA FORMAZIONE PROFESSIONALE"",""5_11_71"""
"4,""Categoria"",""1"",""5_11_72_1"",""TIROCINI, STAGE E MOBILITA' INTERNAZIONALE"",""5_11_72"""
"4,""Categoria"",""2"",""5_11_72_2"",""PIANI D'INSERIMENTO PROFESSIONALE"",""5_11_72"""
"4,""Categoria"",""3"",""5_11_72_3"",""BORSE DI LAVORO"",""5_11_72"""
"4,""Categoria"",""4"",""5_11_72_4"",""LAVORI DI PUBBLICA UTILITA' / LAVORI SOCIALMENTE UTILI"",""5_11_72"""
"4,""Categoria"",""5"",""5_11_72_5"",""ALTRE FORME"",""5_11_72"""
"4,""Categoria"",""6"",""5_11_72_6"",""SERVIZIO CIVILE"",""5_11_72"""
"4,""Categoria"",""7"",""5_11_72_7"",""ATTIVITA' DIMOSTRATIVE E AZIONE DI INFORMAZIONE IN AGRICOLTURA E NEL SETTORE FORESTALE"",""5_11_72"""
"4,""Categoria"",""8"",""5_11_72_8"",""SCAMBI INTERAZIENDALI E VISITE PRESSO AZIENDE AGRICOLE E FORESTALI"",""5_11_72"""
"4,""Categoria"",""11"",""5_11_72_11"",""PERCORSI FORMATIVI INTEGRATI PER L'INSERIMENTO LAVORATIVO"",""5_11_72"""
"4,""Categoria"",""12"",""5_11_72_12"",""PERCORSI FORMATIVI INTEGRATI PER LA CREAZIONE DI IMPRESA"",""5_11_72"""
"4,""Categoria"",""156"",""5_6_40_156"",""CENTRI DI RICERCA"",""5_6_40"""
"4,""Categoria"",""157"",""5_6_40_157"",""LABORATORI ATTREZZATI PER LA RICERCA"",""5_6_40"""
"4,""Categoria"",""999"",""5_6_40_999"",""ALTRE OPERE ED INFRASTRUTTURE PER LA RICERCA"",""5_6_40"""
"4,""Categoria"",""171"",""5_7_17_171"",""IMPIANTI RADIOELETTRICI (ANTENNE E TRASMETTITORI)"",""5_7_17"""
"4,""Categoria"",""172"",""5_7_17_172"",""CAVIDOTTI, ALTRE OPERE CIVILI DI CABLAGGIO  E CENTRALINE"",""5_7_17"""
"4,""Categoria"",""173"",""5_7_17_173"",""POSA CAVI IN DOTTI GIÀ ESISTENTI"",""5_7_17"""
"4,""Categoria"",""174"",""5_7_17_174"",""CABLAGGIO INTERNO AD EDIFICI E DI RETI LOCALI"",""5_7_17"""
"4,""Categoria"",""175"",""5_7_17_175"",""IMPIANTI WIRELESS"",""5_7_17"""
"4,""Categoria"",""176"",""5_7_17_176"",""SISTEMI ED IMPIANTI DI CONTROLLO E VIDEOSORVEGLIANZA"",""5_7_17"""
"4,""Categoria"",""999"",""5_7_17_999"",""ALTRE OPERE ED IMPIANTI PER TELECOMUNICAZIONE"",""5_7_17"""
"4,""Categoria"",""181"",""5_7_18_181"",""LOCALI ATTREZZATI PER CENTRI DI SERVIZIO INFORMATICI"",""5_7_18"""
"4,""Categoria"",""182"",""5_7_18_182"",""IMPIANTI ED INFRASTRUTTURE HARDWARE E SOFTWARE PER CENTRI DI SERVIZIO INFORMATICI"",""5_7_18"""
"4,""Categoria"",""999"",""5_7_18_999"",""ALTRE OPERE ED IMPIANTI PER TECNOLOGIE INFORMATICHE"",""5_7_18"""
"4,""Categoria"",""601"",""5_8_60_601"",""ESPLORAZIONE E UTILIZZAZIONE DELL'AMBIENTE TERRESTRE E MARINO"",""5_8_60"""
"4,""Categoria"",""602"",""5_8_60_602"",""INFRASTRUTTURE E PIANIFICAZIONE DEL TERRITORIO"",""5_8_60"""
"4,""Categoria"",""603"",""5_8_60_603"",""CONTROLLO E TUTELA DELL'AMBIENTE TERRESTRE E MARINO"",""5_8_60"""
"4,""Categoria"",""604"",""5_8_60_604"",""PROTEZIONE E PROMOZIONE DELLA SALUTE UMANA"",""5_8_60"""
"4,""Categoria"",""605"",""5_8_60_605"",""PRODUZIONE, DISTRIBUZIONE E USO RAZIONALE DELL'ENERGIA"",""5_8_60"""
"4,""Categoria"",""606"",""5_8_60_606"",""PRODUZIONE E TRASFERIMENTO NUOVI PRODOTTI, PRATICHE, PROCESSI E TECNOLOGIE AGRICOLE, FORESTALI, DELLA PESCA E DELL'ACQUACOLTURA"",""5_8_60"""
"4,""Categoria"",""607"",""5_8_60_607"",""PRODUZIONE E TECNOLOGIE INDUSTRIALI"",""5_8_60"""
"4,""Categoria"",""608"",""5_8_60_608"",""STRUTTURE E RELAZIONI SOCIALI"",""5_8_60"""
"4,""Categoria"",""609"",""5_8_60_609"",""ESPLORAZIONE E UTILIZZAZIONE DELLO SPAZIO"",""5_8_60"""
"4,""Categoria"",""610"",""5_8_60_610"",""ALTRE RICERCHE"",""5_8_60"""
"4,""Categoria"",""630"",""5_8_60_630"",""PRODUZIONE/PROGETTI PER LA DIVERSIFICAZIONE DELLE ATTIVITA' "",""5_8_60"""
"4,""Categoria"",""631"",""5_8_60_631"",""AGRICOLTURA SOCIALE"",""5_8_60"""
"4,""Categoria"",""632"",""5_8_60_632"",""PROGETTI A FINALITA' AGRO-CLIMATICO-AMBIENTALE"",""5_8_60"""
"4,""Categoria"",""611"",""5_8_61_611"",""ESPLORAZIONE E UTILIZZAZIONE DELL'AMBIENTE TERRESTRE E MARINO"",""5_8_61"""
"4,""Categoria"",""612"",""5_8_61_612"",""INFRASTRUTTURE E PIANIFICAZIONE DEL TERRITORIO"",""5_8_61"""
"4,""Categoria"",""613"",""5_8_61_613"",""CONTROLLO E TUTELA DELL'AMBIENTE TERRESTRE E MARINO"",""5_8_61"""
"4,""Categoria"",""614"",""5_8_61_614"",""PROTEZIONE E PROMOZIONE DELLA SALUTE UMANA"",""5_8_61"""
"4,""Categoria"",""615"",""5_8_61_615"",""PRODUZIONE, DISTRIBUZIONE E USO RAZIONALE DELL'ENERGIA"",""5_8_61"""
"4,""Categoria"",""616"",""5_8_61_616"",""PRODUZIONE E TECNOLOGIE AGRICOLE E DELLA PESCA E ACQUACOLTURA"",""5_8_61"""
"4,""Categoria"",""617"",""5_8_61_617"",""PRODUZIONE E TECNOLOGIE INDUSTRIALI"",""5_8_61"""
"4,""Categoria"",""618"",""5_8_61_618"",""STRUTTURE E RELAZIONI SOCIALI"",""5_8_61"""
"4,""Categoria"",""619"",""5_8_61_619"",""ESPLORAZIONE E UTILIZZAZIONE DELLO SPAZIO"",""5_8_61"""
"4,""Categoria"",""620"",""5_8_61_620"",""ALTRE RICERCHE"",""5_8_61"""
"4,""Categoria"",""621"",""5_8_62_621"",""BIOTECNOLOGIE E SALUTE IN GENERE"",""5_8_62"""
"4,""Categoria"",""622"",""5_8_62_622"",""TECNOLOGIE DEI NUOVI MATERIALI"",""5_8_62"""
"4,""Categoria"",""623"",""5_8_62_623"",""TECNOLOGIE DELL'INFORMAZIONE"",""5_8_62"""
"4,""Categoria"",""624"",""5_8_62_624"",""TECNOLOGIE DELLE TELECOMUNICAZIONI"",""5_8_62"""
"4,""Categoria"",""625"",""5_8_62_625"",""TECNOLOGIE PER LA SALVAGUARDIA DELL'AMBIENTE"",""5_8_62"""
"4,""Categoria"",""626"",""5_8_62_626"",""TECNOLOGIE ENERGETICHE"",""5_8_62"""
"4,""Categoria"",""627"",""5_8_62_627"",""TECNOLOGIE AEROSPAZIALI"",""5_8_62"""
"4,""Categoria"",""628"",""5_8_62_628"",""ALTRE TECNOLOGIE MECCANICHE"",""5_8_62"""
"4,""Categoria"",""629"",""5_8_62_629"",""ALTRE TECNOLOGIE CHIMICHE"",""5_8_62"""
"4,""Categoria"",""633"",""5_8_62_633"",""SPERIMENTAZIONE SOLUZIONI INNOVATIVE E VALIDAZIONE PRODOTTI"",""5_8_62"""
"4,""Categoria"",""634"",""5_8_62_634"",""INNOVAZIONE PROCESSI E PRODOTTI"",""5_8_62"""
"4,""Categoria"",""635"",""5_8_62_635"",""INDUSTRIALIZZAZIONE RISULTATI DELLA RICERCA"",""5_8_62"""
"4,""Categoria"",""999"",""5_8_62_999"",""ALTRE AREE TECNOLOGICHE"",""5_8_62"""
"4,""Categoria"",""1"",""6_10_1_1"",""INFORMAZIONE E COMUNICAZIONE PER ATTIVITA' ISTITUZIONALI E LA TRASPARENZA DELLA PA"",""6_10_1"""
"4,""Categoria"",""2"",""6_10_1_2"",""SISTEMI DI MONITORAGGIO, PREVENZIONE RISCHI E ALLERTA PRECOCE IN CAMPO AMBIENTALE"",""6_10_1"""
"4,""Categoria"",""3"",""6_10_1_3"",""MANIFESTAZIONI ED EVENTI INFORMATIVI"",""6_10_1"""
"4,""Categoria"",""4"",""6_10_1_4"",""DISTRIBUZIONE DI AUDIOVISIVI E MATERIALE INFORMATIVO"",""6_10_1"""
"4,""Categoria"",""7"",""6_10_1_7"",""SISTEMI INFORMATIVI PER LA P.A."",""6_10_1"""
"4,""Categoria"",""999"",""6_10_1_999"",""ALTRE INFORMAZIONI E COMUNICAZIONI"",""6_10_1"""
"4,""Categoria"",""1"",""6_10_2_1"",""SERVIZI ED APPLICAZIONI PER IL PUBBLICO"",""6_10_2"""
"4,""Categoria"",""2"",""6_10_2_2"",""SERVIZI ED APPLICAZIONI PER LE PMI"",""6_10_2"""
"4,""Categoria"",""1"",""6_10_3_1"",""AZIONI PER L'INNALZAMENTO DELLA QUALITA' DELLA VITA IN AREE URBANE"",""6_10_3"""
"4,""Categoria"",""2"",""6_10_3_2"",""AZIONI PER LA DIFFUSIONE DELLA CULTURA E DEL TURISMO"",""6_10_3"""
"4,""Categoria"",""3"",""6_10_3_3"",""SUPPORTO ALLA COSTITUZIONE DI PARTENARIATI A LIVELLO LOCALE (LEADER, CLLD, ITI, ECC.)"",""6_10_3"""
"1,""Area"",""1"",""1"",""IMMOBILI"","""""
"1,""Area"",""2"",""2"",""TRASPORTI"","""""
"1,""Area"",""3"",""3"",""AMBIENTE ED ENERGIA"","""""
"1,""Area"",""4"",""4"",""AREE PRODUTTIVE"","""""
"1,""Area"",""5"",""5"",""RICERCA, ITC, FORMAZIONE E ALTRO"","""""
"1,""Area"",""6"",""6"",""SERVIZI PER LA P.A. E PER LA COLLETTIVITA'"","""""
"2,""Settore"",""5"",""1_5"",""INFRASTRUTTURE SOCIALI"",""1"""
"2,""Settore"",""1"",""2_1"",""INFRASTRUTTURE DI TRASPORTO"",""2"""
"2,""Settore"",""2"",""3_2"",""INFRASTRUTTURE AMBIENTALI E RISORSE IDRICHE"",""3"""
"2,""Settore"",""3"",""3_3"",""INFRASTRUTTURE DEL SETTORE ENERGETICO"",""3"""
"2,""Settore"",""4"",""4_4"",""INFRASTRUTTURE PER L'ATTREZZATURA DI AREE PRODUTTIVE"",""4"""
"2,""Settore"",""6"",""4_6"",""OPERE, IMPIANTI ED ATTREZZATURE PER ATTIVITA' PRODUTTIVE, E LA RICERCA E L'IMPRESA SOCIALE"",""4"""
"2,""Settore"",""9"",""4_9"",""SERVIZI ALLE IMPRESE"",""4"""
"2,""Settore"",""11"",""4_11"",""ISTRUZIONE, FORMAZIONE E SOSTEGNI PER IL MERCATO DEL LAVORO"",""4"""
"2,""Settore"",""6"",""5_6"",""OPERE, IMPIANTI ED ATTREZZATURE PER ATTIVITA' PRODUTTIVE, E LA RICERCA E L'IMPRESA SOCIALE"",""5"""
"2,""Settore"",""7"",""5_7"",""INFRASTRUTTURE PER TELECOMUNICAZIONI E TECNOLOGIE INFORMATICHE"",""5"""
"2,""Settore"",""8"",""5_8"",""RICERCA SVILUPPO TECNOLOGICO ED INNOVAZIONE"",""5"""
"2,""Settore"",""11"",""5_11"",""ISTRUZIONE, FORMAZIONE E SOSTEGNI PER IL MERCATO DEL LAVORO"",""5"""
"2,""Settore"",""10"",""6_10"",""SERVIZI PER LA P.A. E PER LA COLLETTIVITA'"",""6"""
"3,""Sottosettore"",""8"",""1_5_8"",""SOCIALI E SCOLASTICHE"",""1_5"""
"3,""Sottosettore"",""10"",""1_5_10"",""ABITATIVE"",""1_5"""
"3,""Sottosettore"",""11"",""1_5_11"",""BENI CULTURALI"",""1_5"""
"3,""Sottosettore"",""12"",""1_5_12"",""SPORT, SPETTACOLO E TEMPO LIBERO"",""1_5"""
"3,""Sottosettore"",""30"",""1_5_30"",""SANITARIE"",""1_5"""
"3,""Sottosettore"",""31"",""1_5_31"",""CULTO"",""1_5"""
"3,""Sottosettore"",""32"",""1_5_32"",""DIFESA"",""1_5"""
"3,""Sottosettore"",""33"",""1_5_33"",""DIREZIONALI E AMMINISTRATIVE"",""1_5"""
"3,""Sottosettore"",""34"",""1_5_34"",""GIUDIZIARIE E PENITENZIARIE"",""1_5"""
"3,""Sottosettore"",""36"",""1_5_36"",""PUBBLICA SICUREZZA"",""1_5"""
"3,""Sottosettore"",""99"",""1_5_99"",""ALTRE INFRASTRUTTURE SOCIALI"",""1_5"""
"3,""Sottosettore"",""1"",""2_1_1"",""STRADALI"",""2_1"""
"3,""Sottosettore"",""2"",""2_1_2"",""AEROPORTUALI"",""2_1"""
"3,""Sottosettore"",""3"",""2_1_3"",""FERROVIE"",""2_1"""
"3,""Sottosettore"",""4"",""2_1_4"",""MARITTIME LACUALI E FLUVIALI"",""2_1"""
"3,""Sottosettore"",""5"",""2_1_5"",""TRASPORTO URBANO"",""2_1"""
"3,""Sottosettore"",""6"",""2_1_6"",""TRASPORTI MULTIMODALI E ALTRE MODALITA' DI TRASPORTO"",""2_1"""
"3,""Sottosettore"",""5"",""3_2_5"",""DIFESA DEL SUOLO"",""3_2"""
"3,""Sottosettore"",""10"",""3_2_10"",""SMALTIMENTO RIFIUTI"",""3_2"""
"3,""Sottosettore"",""11"",""3_2_11"",""PROTEZIONE, VALORIZZAZIONE E FRUIZIONE DELL'AMBIENTE"",""3_2"""
"3,""Sottosettore"",""12"",""3_2_12"",""RIASSETTO E RECUPERO DI SITI URBANI E PRODUTTIVI"",""3_2"""
"3,""Sottosettore"",""15"",""3_2_15"",""RISORSE IDRICHE E ACQUE REFLUE"",""3_2"""
"3,""Sottosettore"",""6"",""3_3_6"",""PRODUZIONE  DI ENERGIA"",""3_3"""
"3,""Sottosettore"",""16"",""3_3_16"",""DISTRIBUZIONE DI ENERGIA"",""3_3"""
"3,""Sottosettore"",""75"",""4_11_75"",""CONTRIBUTI ED INCENTIVI AL LAVORO"",""4_11"""
"3,""Sottosettore"",""80"",""4_11_80"",""ALTRI SOSTEGNI PER IL MERCATO DEL LAVORO"",""4_11"""
"3,""Sottosettore"",""39"",""4_4_39"",""INFRASTRUTTURE PER L'ATTREZZATURA DI AREE PRODUTTIVE"",""4_4"""
"3,""Sottosettore"",""2"",""4_6_2"",""OPERE, IMPIANTI ED ATTREZZATURE PER IL SETTORE SILVO-FORESTALE"",""4_6"""
"3,""Sottosettore"",""13"",""4_6_13"",""OPERE,  IMPIANTI ED ATTREZZATURE PER L'AGRICOLTURA, LA ZOOTECNIA E L'AGROALIMENTARE "",""4_6"""
"3,""Sottosettore"",""14"",""4_6_14"",""IMPIANTI  ED ATTREZZATURE PER LA PESCA E L'ACQUACOLTURA"",""4_6"""
"3,""Sottosettore"",""39"",""4_6_39"",""OPERE, IMPIANTI ED ATTREZZATURE PER ATTIVITA' INDUSTRIALI E L'ARTIGIANATO"",""4_6"""
"3,""Sottosettore"",""41"",""4_6_41"",""OPERE E STRUTTURE PER IL TURISMO"",""4_6"""
"3,""Sottosettore"",""42"",""4_6_42"",""STRUTTURE ED ATTREZZATURE PER IL COMMERCIO E I SERVIZI"",""4_6"""
"3,""Sottosettore"",""43"",""4_6_43"",""OPERE E INFRASTRUTTURE PER L'IMPRESA SOCIALE"",""4_6"""
"3,""Sottosettore"",""20"",""4_9_20"",""SERVIZI ALLE IMPRESE AGRICOLE, FORESTALI E DELLA PESCA"",""4_9"""
"3,""Sottosettore"",""21"",""4_9_21"",""SERVIZI ALLE IMPRESE INDUSTRIALI"",""4_9"""
"3,""Sottosettore"",""22"",""4_9_22"",""SERVIZI ALLE IMPRESE TURISTICHE"",""4_9"""
"3,""Sottosettore"",""23"",""4_9_23"",""SERVIZI DI INTERMEDIAZIONE FINANZIARIA"",""4_9"""
"3,""Sottosettore"",""25"",""4_9_25"",""SERVIZI ALLE IMPRESE DEL COMMERCIO"",""4_9"""
"3,""Sottosettore"",""26"",""4_9_26"",""SERVIZI ALLE NUOVE IMPRESE (START UP) E ALLE IMPRESE SOCIALI"",""4_9"""
"3,""Sottosettore"",""70"",""5_11_70"",""SCUOLA E ISTRUZIONE"",""5_11"""
"3,""Sottosettore"",""71"",""5_11_71"",""FORMAZIONE PER IL LAVORO"",""5_11"""
"3,""Sottosettore"",""72"",""5_11_72"",""ALTRI STRUMENTI FORMATIVI E DI WORK-EXPERIENCE"",""5_11"""
"3,""Sottosettore"",""40"",""5_6_40"",""OPERE E INFRASTRUTTURE PER LA RICERCA"",""5_6"""
"3,""Sottosettore"",""17"",""5_7_17"",""INFRASTRUTTURE PER TELECOMUNICAZIONI"",""5_7"""
"3,""Sottosettore"",""18"",""5_7_18"",""TECNOLOGIE INFORMATICHE"",""5_7"""
"3,""Sottosettore"",""60"",""5_8_60"",""PROGETTI DI DIFFUSIONE E COOPERAZIONE PUBBLICO-PRIVATA"",""5_8"""
"3,""Sottosettore"",""61"",""5_8_61"",""PROGETTI DI RICERCA PRESSO UNIVERSITA' E ISTITUTI DI RICERCA"",""5_8"""
"3,""Sottosettore"",""62"",""5_8_62"",""PROGETTI DI RICERCA E  DI INNOVAZIONE PRESSO IMPRESE"",""5_8"""
"3,""Sottosettore"",""1"",""6_10_1"",""SERVIZI E TECNOLOGIE PER L'INFORMAZIONE E LE COMUNICAZIONI"",""6_10"""
"3,""Sottosettore"",""2"",""6_10_2"",""SERVIZI E APPLICAZIONI INFORMATICHE PER I CITTADINI E LE IMPRESE"",""6_10"""
"3,""Sottosettore"",""3"",""6_10_3"",""AZIONI INNOVATRICI"",""6_10"""
"3,""Sottosettore"",""30"",""6_10_30"",""SERVIZI A SUPPORTO DELLO SVILUPPO E DELLA QUALIFICAZIONE DEL SISTEMA DEL LAVORO"",""6_10"""
"3,""Sottosettore"",""32"",""6_10_32"",""DISPOSITIVI E STRUMENTI A SUPPORTO DELLA QUALIFICAZIONE DEL SISTEMA DELL'OFFERTA DI FORMAZIONE"",""6_10"""
"3,""Sottosettore"",""33"",""6_10_33"",""DISPOSITIVI E STRUMENTI A SUPPORTO DELLA QUALIFICAZIONE DEL SISTEMA DELL'OFFERTA DI ISTRUZIONE"",""6_10"""
"3,""Sottosettore"",""34"",""6_10_34"",""DISPOSITIVI E STRUMENTI A SUPPORTO DELL'INTEGRAZIONE FRA SISTEMI"",""6_10"""
"3,""Sottosettore"",""35"",""6_10_35"",""DISPOSITIVI E STRUMENTI A SUPPORTO DELLA QUALIFICAZIONE NEL SISTEMA DEI SERVIZI SOCIALI"",""6_10"""
"3,""Sottosettore"",""41"",""6_10_41"",""SERVIZI DI ASSISTENZA TECNICA ALLA P.A."",""6_10"""
"3,""Sottosettore"",""43"",""6_10_43"",""SERVIZI DI ORIENTAMENTO E ACCOMPAGNAMENTO AL LAVORO"",""6_10"""
"3,""Sottosettore"",""92"",""6_10_92"",""SERVIZI AI DIPENDENTI DI IMPRESE PRODUTTIVE"",""6_10"""
"3,""Sottosettore"",""93"",""6_10_93"",""SERVIZI ESSENZIALI PER LA POPOLAZIONE RURALE"",""6_10"""
"3,""Sottosettore"",""94"",""6_10_94"",""ASSISTENZA SOCIALE E SERVIZI ALLA PERSONA"",""6_10"""
"3,""Sottosettore"",""99"",""6_10_99"",""ALTRI SERVIZI PER LA COLLETTIVITA'"",""6_10"""
"4,""Categoria"",""100"",""1_5_10_100"",""ABITAZIONI RURALI E BORGHI RURALI"",""1_5_10"""
"4,""Categoria"",""103"",""1_5_10_103"",""FABBRICATI RESIDENZIALI URBANI"",""1_5_10"""
"4,""Categoria"",""104"",""1_5_10_104"",""EDIFICI DANNEGGIATI DA CALAMITA' NATURALI"",""1_5_10"""
"4,""Categoria"",""105"",""1_5_10_105"",""INFRASTRUTTURE CIVILI PER COMPLESSI RESIDENZIALI"",""1_5_10"""
"4,""Categoria"",""106"",""1_5_10_106"",""RESIDENZE PER COMUNITA'"",""1_5_10"""
"4,""Categoria"",""999"",""1_5_10_999"",""ALTRI EDIFICI ABITATIVI"",""1_5_10"""
"4,""Categoria"",""93"",""1_5_11_93"",""MONUMENTI"",""1_5_11"""
"4,""Categoria"",""95"",""1_5_11_95"",""AREE ARCHEOLOGICHE"",""1_5_11"""
"4,""Categoria"",""96"",""1_5_11_96"",""RESTAURO E RIQUALIFICAZIONE DI BENI CULTURALI"",""1_5_11"""
"4,""Categoria"",""97"",""1_5_11_97"",""MUSEI ARCHIVI E BIBLIOTECHE"",""1_5_11"""
"4,""Categoria"",""98"",""1_5_11_98"",""PATRIMONIO RURALE"",""1_5_11"""
"4,""Categoria"",""99"",""1_5_11_99"",""BENI CULTURALI MOBILI"",""1_5_11"""
"4,""Categoria"",""999"",""1_5_11_999"",""ALTRI BENI CULTURALI"",""1_5_11"""
"4,""Categoria"",""98"",""1_5_12_98"",""IMPIANTI SPORTIVI"",""1_5_12"""
"4,""Categoria"",""100"",""1_5_12_100"",""TEATRI ED ALTRE STRUTTURE PER LO SPETTACOLO"",""1_5_12"""
"4,""Categoria"",""101"",""1_5_12_101"",""STRUTTURE FIERISTICHE E CONGRESSUALI"",""1_5_12"""
"4,""Categoria"",""999"",""1_5_12_999"",""ALTRE STRUTTURE RICREATIVE"",""1_5_12"""
"4,""Categoria"",""111"",""1_5_30_111"",""STRUTTURE OSPEDALIERE"",""1_5_30"""
"4,""Categoria"",""130"",""1_5_30_130"",""ALTRE STRUTTURE PER L'IGIENE LA PROFILASSI E LA TUTELA DELLA SALUTE"",""1_5_30"""
"4,""Categoria"",""150"",""1_5_30_150"",""ALTRI PRESIDI SANITARI TERRITORIALI"",""1_5_30"""
"4,""Categoria"",""153"",""1_5_30_153"",""RESIDENZE SANITARIE ASSISTENZIALI"",""1_5_30"""
"4,""Categoria"",""999"",""1_5_30_999"",""ALTRE STRUTTURE SANITARIE"",""1_5_30"""
"4,""Categoria"",""1"",""1_5_31_1"",""CHIESE "",""1_5_31"""
"4,""Categoria"",""2"",""1_5_31_2"",""EDIFICI PER SERVIZI RELIGIOSI"",""1_5_31"""
"4,""Categoria"",""3"",""1_5_31_3"",""CONVENTI"",""1_5_31"""
"4,""Categoria"",""999"",""1_5_31_999"",""ALTRI EDIFICI PER IL CULTO"",""1_5_31"""
"4,""Categoria"",""90"",""1_5_32_90"",""CASERME"",""1_5_32"""
"4,""Categoria"",""999"",""1_5_32_999"",""ALTRE STRUTTURE/INFRASTRUTTURE MILITARI"",""1_5_32"""
"4,""Categoria"",""1"",""1_5_33_1"",""STRUTTURE/INFRASTRUTTURE PER SEDI DI ORGANI ISTITUZIONALI"",""1_5_33"""
"4,""Categoria"",""3"",""1_5_33_3"",""STRUTTURE/INFRASTRUTTURE PER SEDI DELLA PUBBLICA AMMINISTRAZIONE"",""1_5_33"""
"4,""Categoria"",""4"",""1_5_33_4"",""EDIFICI E INFRASTRUTTURE PER UFFICI"",""1_5_33"""
"4,""Categoria"",""999"",""1_5_33_999"",""ALTRE STRUTTURE/INFRASTRUTTURE DIREZIONALI E AMMINISTRATIVE"",""1_5_33"""
"4,""Categoria"",""92"",""1_5_34_92"",""STRUTTURE/INFRASTRUTTURE PENITENZIARIE"",""1_5_34"""
"4,""Categoria"",""94"",""1_5_34_94"",""PRETURE E TRIBUNALI"",""1_5_34"""
"4,""Categoria"",""999"",""1_5_34_999"",""ALTRE STRUTTURE/INFRASTRUTTURE GIUDIZIARIE"",""1_5_34"""
"4,""Categoria"",""1"",""1_5_36_1"",""COMMISSARIATI"",""1_5_36"""
"4,""Categoria"",""2"",""1_5_36_2"",""EDIFICI ED INFRASTRUTTURE PER LA PROTEZIONE CIVILE"",""1_5_36"""
"4,""Categoria"",""999"",""1_5_36_999"",""ALTRE STRUTTURE/INFRASTRUTTURE PER LA PUBBLICA SICUREZZA"",""1_5_36"""
"4,""Categoria"",""81"",""1_5_8_81"",""EDIFICI SOCIALI, CULTURALI E ASSISTENZIALI"",""1_5_8"""
"4,""Categoria"",""82"",""1_5_8_82"",""ASILI NIDO"",""1_5_8"""
"4,""Categoria"",""83"",""1_5_8_83"",""SCUOLE MATERNE"",""1_5_8"""
"4,""Categoria"",""85"",""1_5_8_85"",""UNIVERSITA'"",""1_5_8"""
"4,""Categoria"",""86"",""1_5_8_86"",""ALTRI EDIFICI SCOLASTICI"",""1_5_8"""
"4,""Categoria"",""87"",""1_5_8_87"",""SCUOLE ELEMENTARI, MEDIE E SUPERIORI"",""1_5_8"""
"4,""Categoria"",""999"",""1_5_8_999"",""ALTRE STRUTTURE SOCIALI"",""1_5_8"""
"4,""Categoria"",""96"",""1_5_99_96"",""CIMITERI"",""1_5_99"""
"4,""Categoria"",""191"",""1_5_99_191"",""ARREDO URBANO"",""1_5_99"""
"4,""Categoria"",""192"",""1_5_99_192"",""VERDE PUBBLICO"",""1_5_99"""
"4,""Categoria"",""193"",""1_5_99_193"",""ILLUMINAZIONE PUBBLICA"",""1_5_99"""
"4,""Categoria"",""999"",""1_5_99_999"",""ALTRE INFRASTRUTTURE "",""1_5_99"""
"4,""Categoria"",""11"",""2_1_1_11"",""AUTOSTRADE"",""2_1_1"""
"4,""Categoria"",""12"",""2_1_1_12"",""STRADE STATALI"",""2_1_1"""
"4,""Categoria"",""13"",""2_1_1_13"",""STRADE REGIONALI, PROVINCIALI E COMUNALI"",""2_1_1"""
"4,""Categoria"",""14"",""2_1_1_14"",""PISTE CICLABILI"",""2_1_1"""
"4,""Categoria"",""15"",""2_1_1_15"",""STRADE RURALI"",""2_1_1"""
"4,""Categoria"",""999"",""2_1_1_999"",""ALTRE STRUTTURE/INFRASTRUTTURE STRADALI"",""2_1_1"""
"4,""Categoria"",""21"",""2_1_2_21"",""PISTE"",""2_1_2"""
"4,""Categoria"",""22"",""2_1_2_22"",""AEROSTAZIONI"",""2_1_2"""
"4,""Categoria"",""999"",""2_1_2_999"",""ALTRE STRUTTURE/INFRASTRUTTURE AEROPORTUALI"",""2_1_2"""
"4,""Categoria"",""31"",""2_1_3_31"",""LINEE FERROVIARIE"",""2_1_3"""
"4,""Categoria"",""36"",""2_1_3_36"",""STAZIONE E TERMINALI"",""2_1_3"""
"4,""Categoria"",""37"",""2_1_3_37"",""VEICOLI FERROVIARI"",""2_1_3"""
"4,""Categoria"",""999"",""2_1_3_999"",""ALTRE STRUTTURE/INFRASTRUTTURE FERROVIARIE"",""2_1_3"""
"4,""Categoria"",""41"",""2_1_4_41"",""PORTI COMMERCIALI"",""2_1_4"""
"4,""Categoria"",""42"",""2_1_4_42"",""IDROVIE E STRUTTURE/INFRASTRUTTURE FLUVIALI"",""2_1_4"""
"4,""Categoria"",""43"",""2_1_4_43"",""PORTI PER LA PESCA"",""2_1_4"""
"4,""Categoria"",""45"",""2_1_4_45"",""PORTI TURISTICI"",""2_1_4"""
"4,""Categoria"",""999"",""2_1_4_999"",""ALTRE STRUTTURE/INFRASTRUTTURE MARITTIME E FLUVIALI"",""2_1_4"""
"4,""Categoria"",""32"",""2_1_5_32"",""LINEE METROPOLITANE E TRAMVIARIE"",""2_1_5"""
"4,""Categoria"",""36"",""2_1_5_36"",""SISTEMI INTEGRATI E DI TRASPORTO INTELLIGENTI PER LA MOBILITA' SOSTENIBILE "",""2_1_5"""
"4,""Categoria"",""157"",""2_1_5_157"",""SISTEMI DI PARCHEGGIO E INTERSCAMBIO"",""2_1_5"""
"4,""Categoria"",""999"",""2_1_5_999"",""ALTRI STRUTTURE/INFRASTRUTTURE DI TRASPORTO URBANE"",""2_1_5"""
"4,""Categoria"",""33"",""2_1_6_33"",""FUNIVIE, SEGGIOVIE, FUNICOLARI"",""2_1_6"""
"4,""Categoria"",""34"",""2_1_6_34"",""SISTEMI DI TRASPORTO INTELLIGENTI"",""2_1_6"""
"4,""Categoria"",""35"",""2_1_6_35"",""TRASPORTI MULTIMODALI ED INTERPORTI"",""2_1_6"""
"4,""Categoria"",""999"",""2_1_6_999"",""ALTRE MODALITA' DI TRASPORTO"",""2_1_6"""
"4,""Categoria"",""115"",""3_2_10_115"",""IMPIANTI DI TRATTAMENTO RIFIUTI URBANI"",""3_2_10"""
"4,""Categoria"",""116"",""3_2_10_116"",""IMPIANTI DI TRATTAMENTO RIFIUTI SPECIALI"",""3_2_10"""
"4,""Categoria"",""117"",""3_2_10_117"",""IMPIANTI PER LA GESTIONE DELLA RACCOLTA DIFFERENZIATA"",""3_2_10"""
"4,""Categoria"",""118"",""3_2_10_118"",""SISTEMI DI RACCOLTA DIFFERENZIATA DEI RIFIUTI URBANI"",""3_2_10"""
"4,""Categoria"",""999"",""3_2_10_999"",""ALTRE STRUTTURE/INFRASTRUTTURE DI SMALTIMENTO RIFIUTI"",""3_2_10"""
"4,""Categoria"",""117"",""3_2_11_117"",""STRUTTURE PER LA QUALITA' DELL'ARIA"",""3_2_11"""
"4,""Categoria"",""118"",""3_2_11_118"",""SITI NATURALI E RURALI"",""3_2_11"""
"4,""Categoria"",""119"",""3_2_11_119"",""INFRASTRUTTURE VERDI"",""3_2_11"""
"4,""Categoria"",""120"",""3_2_11_120"",""STRUTTURE PER PROTEZIONE DAL RUMORE"",""3_2_11"""
"4,""Categoria"",""122"",""3_2_11_122"",""PARCHI E RISERVE AREE PROTETTE"",""3_2_11"""
"4,""Categoria"",""123"",""3_2_11_123"",""SISTEMI DI MONITORAGGIO AMBIENTALE E TELECONTROLLO DELL'INQUINAMENTO"",""3_2_11"""
"4,""Categoria"",""124"",""3_2_11_124"",""STRUTTURE PER LA FRUIZIONE DEL PATRIMONIO AMBIENTALE"",""3_2_11"""
"4,""Categoria"",""999"",""3_2_11_999"",""ALTRE STRUTTURE/INFRASTRUTTURE PER LA PROTEZIONE, VALORIZZAZIONE E FRUIZIONE AMBIENTALE"",""3_2_11"""
"4,""Categoria"",""1"",""3_2_12_1"",""AREE DISMESSE"",""3_2_12"""
"4,""Categoria"",""2"",""3_2_12_2"",""IMPIANTI PER IL TRATTAMENTO DI RIFIUTI SPECIALI"",""3_2_12"""
"4,""Categoria"",""5"",""3_2_12_5"",""SITI CONTAMINATI E/O DEGRADATI"",""3_2_12"""
"4,""Categoria"",""999"",""3_2_12_999"",""ALTRE SITI PRODUTTIVI"",""3_2_12"""
"4,""Categoria"",""110"",""3_2_15_110"",""DIGHE"",""3_2_15"""
"4,""Categoria"",""111"",""3_2_15_111"",""BACINI IRRIGUI, TRAVERSE E STRUTTURE MINORI DI ACCUMULO"",""3_2_15"""
"4,""Categoria"",""112"",""3_2_15_112"",""STRUTTURE/INFRASTRUTTURE PER LA CAPTAZIONE E ADDUZIONE DELL'ACQUA PER USI NON AGRICOLI O AD USO PLURIMO"",""3_2_15"""
"4,""Categoria"",""113"",""3_2_15_113"",""STRUTTURE/INFRASTRUTTURE PER LA CAPTAZIONE E ADDUZIONE DELL'ACQUA PER ESCLUSIVO USO AGRICOLO"",""3_2_15"""
"4,""Categoria"",""114"",""3_2_15_114"",""IMPIANTI DEPURAZIONE ACQUE"",""3_2_15"""
"4,""Categoria"",""115"",""3_2_15_115"",""IMPIANTI DI PRE-TRATTAMENTO, STOCCAGGIO, SOLLEVAMENTO E RIUTILIZZO ACQUE REFLUE"",""3_2_15"""
"4,""Categoria"",""116"",""3_2_15_116"",""RETI FOGNARIE"",""3_2_15"""
"4,""Categoria"",""117"",""3_2_15_117"",""DISSALATORI  E STRUTTURE/INFRASTRUTTURE PER LA  POTABILIZZAZIONE"",""3_2_15"""
"4,""Categoria"",""118"",""3_2_15_118"",""RETI IDRICHE URBANE"",""3_2_15"""
"4,""Categoria"",""119"",""3_2_15_119"",""RETI IDRICHE RURALI"",""3_2_15"""
"4,""Categoria"",""120"",""3_2_15_120"",""SERBATOI ED IMPIANTI DI SOLLEVAMENTO"",""3_2_15"""
"4,""Categoria"",""121"",""3_2_15_121"",""RETI IDRICHE INDUSTRIALI"",""3_2_15"""
"4,""Categoria"",""122"",""3_2_15_122"",""RETI PER IL COLLETTAMENTO DELLE ACQUE PLUVIALI"",""3_2_15"""
"4,""Categoria"",""123"",""3_2_15_123"",""CORPI IDRICI: MIGLIORAMENTO DELLA QUALITA'"",""3_2_15"""
"4,""Categoria"",""133"",""3_2_15_133"",""IMPIANTI E RETI IRRIGUE INTERAZIENDALI"",""3_2_15"""
"4,""Categoria"",""999"",""3_2_15_999"",""ALTRE STRUTTURE/INFRASTRUTTURE PER L'UTILIZZO DELLE RISORSE IDRICHE"",""3_2_15"""
"4,""Categoria"",""44"",""3_2_5_44"",""SPIAGGE"",""3_2_5"""
"4,""Categoria"",""51"",""3_2_5_51"",""CORSI D'ACQUA"",""3_2_5"""
"4,""Categoria"",""120"",""3_2_5_120"",""BONIFICA DI SITI"",""3_2_5"""
"4,""Categoria"",""121"",""3_2_5_121"",""REGIMAZIONE ACQUE"",""3_2_5"""
"4,""Categoria"",""122"",""3_2_5_122"",""FORESTE"",""3_2_5"""
"4,""Categoria"",""141"",""3_2_5_141"",""ABITATI"",""3_2_5"""
"4,""Categoria"",""142"",""3_2_5_142"",""STRUTTURE/INFRASTRUTTURE A RISCHIO SISMICO"",""3_2_5"""
"4,""Categoria"",""999"",""3_2_5_999"",""ALTRE INFRASTRUTTURE/STRUTTURE DI DIFESA DEL SUOLO"",""3_2_5"""
"4,""Categoria"",""4"",""3_3_16_4"",""IMPIANTI PER L'EFFICIENZA DELLE RETI E RISPARMIO ENERGETICO"",""3_3_16"""
"4,""Categoria"",""60"",""3_3_16_60"",""RETI DISTRIBUZIONE GAS"",""3_3_16"""
"4,""Categoria"",""65"",""3_3_16_65"",""IMPIANTI DI  TRASMISSIONE DI ENERGIA ELETTRICA"",""3_3_16"""
"4,""Categoria"",""66"",""3_3_16_66"",""IMPIANTI DI DISTRIBUZIONE DI ENERGIA ELETTRICA E TERMICA, CIVILE E INDUSTRIALE"",""3_3_16"""
"4,""Categoria"",""68"",""3_3_16_68"",""ELETTRIFICAZIONI RURALI"",""3_3_16"""
"4,""Categoria"",""142"",""3_3_16_142"",""METANODOTTI GASDOTTI E SIMILI"",""3_3_16"""
"4,""Categoria"",""999"",""3_3_16_999"",""ALTRI IMPIANTI DI DISTRIBUZIONE ENERGIA"",""3_3_16"""
"4,""Categoria"",""1"",""3_3_6_1"",""IMPIANTI DI COGENERAZIONE"",""3_3_6"""
"4,""Categoria"",""61"",""3_3_6_61"",""IMPIANTI PRODUZIONE IDROELETTRICA"",""3_3_6"""
"4,""Categoria"",""62"",""3_3_6_62"",""IMPIANTI PRODUZIONE TERMOELETTRICA"",""3_3_6"""
"4,""Categoria"",""69"",""3_3_6_69"",""IMPIANTI PRODUZIONE GAS"",""3_3_6"""
"4,""Categoria"",""998"",""3_3_6_998"",""ALTRI IMPIANTI PRODUZIONE ENERGIE DA FONTI RINNOVABILI"",""3_3_6"""
"4,""Categoria"",""999"",""3_3_6_999"",""ALTRI IMPIANTI PER LA PRODUZIONE E L'ESTRAZIONE DI ENERGIA"",""3_3_6"""
"4,""Categoria"",""801"",""4_11_75_801"",""INCENTIVI ALL'AVVIO DI ATTIVITA' EXTRA AGRICOLA"",""4_11_75"""
"4,""Categoria"",""802"",""4_11_75_802"",""SGRAVI CONTRIBUTIVI"",""4_11_75"""
"4,""Categoria"",""803"",""4_11_75_803"",""INTERVENTI DI MICROFINANZA"",""4_11_75"""
"4,""Categoria"",""804"",""4_11_75_804"",""INCENTIVI DIRETTI PER LA CREAZIONE DELLE IMPRESE"",""4_11_75"""
"4,""Categoria"",""805"",""4_11_75_805"",""INCENTIVI ALLE PERSONE PER LA MOBILITA' GEOGRAFICA PER LA RICERCA DEL LAVORO"",""4_11_75"""
"4,""Categoria"",""806"",""4_11_75_806"",""INCENTIVI ALLE IMPRESE PER L'INNOVAZIONE TECNOLOGICA ED ORGANIZZATIVA"",""4_11_75"""
"4,""Categoria"",""807"",""4_11_75_807"",""INCENTIVI DIRETTI PER IL CONSOLIDAMENTO DELLE IMPRESE"",""4_11_75"""
"4,""Categoria"",""808"",""4_11_75_808"",""CONTRIBUTI E PREMI A GIOVANI AGRICOLTORI"",""4_11_75"""
"4,""Categoria"",""809"",""4_11_75_809"",""AIUTI AI LAVORATORI DELLA PESCA E ACQUACOLTURA"",""4_11_75"""
"4,""Categoria"",""810"",""4_11_75_810"",""SOSTEGNI ALLE IMPRESE PER L'INSEDIAMENTO DI GIOVANI AGRICOLTORI"",""4_11_75"""
"4,""Categoria"",""811"",""4_11_75_811"",""INCENTIVI ALLE PERSONE PER LA FORMAZIONE"",""4_11_75"""
"4,""Categoria"",""812"",""4_11_75_812"",""INCENTIVI ALLE PERSONE PER IL LAVORO AUTONOMO"",""4_11_75"""
"4,""Categoria"",""813"",""4_11_75_813"",""INCENTIVI ALLE PERSONE PER LA MOBILITA' GEOGRAFICA PER IL LAVORO"",""4_11_75"""
"4,""Categoria"",""814"",""4_11_75_814"",""INCENTIVI ALLE IMPRESE PER JOB ROTATION"",""4_11_75"""
"4,""Categoria"",""815"",""4_11_75_815"",""INCENTIVI ALLE PERSONE PER I SERVIZI DI CONCILIAZIONE"",""4_11_75"""
"4,""Categoria"",""816"",""4_11_75_816"",""INCENTIVI ALLE IMPRESE PER JOB SHARING"",""4_11_75"""
"4,""Categoria"",""817"",""4_11_75_817"",""PICCOLI INCENTIVI ALLE IMPRESE SOCIALI"",""4_11_75"""
"4,""Categoria"",""818"",""4_11_75_818"",""INCENTIVI ALLA TRASFORMAZIONE DI FORME DI LAVORO ATIPICO"",""4_11_75"""
"4,""Categoria"",""819"",""4_11_75_819"",""INCENTIVI AI CONTRATTI DI RIALLINEAMENTO RETRIBUTIVO"",""4_11_75"""
"4,""Categoria"",""820"",""4_11_75_820"",""INCENTIVI ALLE IMPRESE PER NUOVE ASSUNZIONI "",""4_11_75"""
"4,""Categoria"",""821"",""4_11_75_821"",""INCENTIVI ALLE IMPRESE PER L'OCCUPAZIONE, INCENTIVAZIONE DEL TEMPO PARZIALE"",""4_11_75"""
"4,""Categoria"",""999"",""4_11_75_999"",""ALTRI CONTRIBUTI ALL'OCCUPAZIONE"",""4_11_75"""
"4,""Categoria"",""800"",""4_11_80_800"",""ORIENTAMENTO E CONSULENZA E INFORMAZIONE"",""4_11_80"""
"4,""Categoria"",""804"",""4_11_80_804"",""OSSERVATORI DEL MERCATO DEL LAVORO"",""4_11_80"""
"4,""Categoria"",""807"",""4_11_80_807"",""SOSTEGNI ALL'USCITA DAL MERCATO DEL LAVORO"",""4_11_80"""
"4,""Categoria"",""813"",""4_11_80_813"",""CREAZIONE DI ASSOCIAZIONE DI OPERATORI FORESTALI"",""4_11_80"""
"4,""Categoria"",""817"",""4_11_80_817"",""AZIONI DI TUTORAGGIO PER AZIENDE AGRICOLE E FORESTALI"",""4_11_80"""
"4,""Categoria"",""899"",""4_11_80_899"",""ALTRI SOSTEGNI PER IL MERCATO DEL LAVORO"",""4_11_80"""
"4,""Categoria"",""144"",""4_4_39_144"",""INFRASTRUTTURE CIVILI PER AREE INDUSTRIALI"",""4_4_39"""
"4,""Categoria"",""145"",""4_4_39_145"",""SISTEMAZIONE DEI TERRENI E RICONVERSIONE AREE INDUSTRIALI "",""4_4_39"""
"4,""Categoria"",""999"",""4_4_39_999"",""ALTRE INFRASTRUTTURE PER ATTREZZATURE DI AREE PRODUTTIVE"",""4_4_39"""
"4,""Categoria"",""26"",""4_6_13_26"",""INFRASTRUTTURE A SERVIZIO DELLE AZIENDE AGRICOLE"",""4_6_13"""
"4,""Categoria"",""27"",""4_6_13_27"",""INTRODUZIONE DI SISTEMI PER IL CONTROLLO DELLA QUALITA' DEI PRODOTTI"",""4_6_13"""
"4,""Categoria"",""30"",""4_6_13_30"",""IMPIANTI ED ATTREZZATURE PER LA DIVERSIFICAZIONE DELLE ATTIVITA' O PLURIATTIVITA' IN AZIENDE AGRICOLE (INCL. INV. PER LA PRODUZIONE ENERGETICA DA FONTI RINNOVABILI)"",""4_6_13"""
"4,""Categoria"",""31"",""4_6_13_31"",""INVESTIMENTI NON PRODUTTIVI A FINALITA' AGRO-CLIMATICO-AMBIENTALE (INCLUSI INVESTIMENTI PER LA PRODUZIONE ENERGETICA DA FONTI RINNOVABILI)"",""4_6_13"""
"4,""Categoria"",""32"",""4_6_13_32"",""MEZZI E IMPIANTI PER IL RIPRISTINO E LA PREVENZIONE DA EVENTI CALAMITOSI"",""4_6_13"""
"4,""Categoria"",""33"",""4_6_13_33"",""CREAZIONE NUOVE FORME DI COOPERAZIONE PRODUTTIVA E COMMERCIALE "",""4_6_13"""
"4,""Categoria"",""34"",""4_6_13_34"",""BENESSERE ANIMALI"",""4_6_13"""
"4,""Categoria"",""35"",""4_6_13_35"",""TRASFERIMENTO  DELL'AZIENDA A UN ALTRO AGRICOLTORE"",""4_6_13"""
"4,""Categoria"",""36"",""4_6_13_36"",""SVILUPPO  E SOSTEGNO DI FORME ASSOCIATIVE"",""4_6_13"""
"4,""Categoria"",""37"",""4_6_13_37"",""PREMI ASSICURATIVI E FONDI MUTUALIZZAZIONE"",""4_6_13"""
"4,""Categoria"",""129"",""4_6_13_129"",""IMPIANTI E RETI IRRIGUE AZIENDALI"",""4_6_13"""
"4,""Categoria"",""130"",""4_6_13_130"",""STRUTTURE PER COLTIVAZIONI AGRICOLE PROTETTE (SERRE ECC.)"",""4_6_13"""
"4,""Categoria"",""131"",""4_6_13_131"",""OPERE SU IMPIANTI PRODUTTIVI (COLTIVAZIONI) AGRICOLI"",""4_6_13"""
"4,""Categoria"",""133"",""4_6_13_133"",""MIGLIORAMENTI FONDIARI AZIENDALI"",""4_6_13"""
"4,""Categoria"",""134"",""4_6_13_134"",""FABBRICATI RURALI"",""4_6_13"""
"4,""Categoria"",""137"",""4_6_13_137"",""IMPIANTI, MACCHINARI MEZZI TECNICI E INVESTIMENTI IMMATERIALI PER LE AZIENDE AGRICOLE E AGROALIMENTARI"",""4_6_13"""
"4,""Categoria"",""138"",""4_6_13_138"",""STRUTTURE PER LA ZOOTECNIA"",""4_6_13"""
"4,""Categoria"",""145"",""4_6_13_145"",""RETI DI MONITORAGGIO AGROMETEREOLOGICO"",""4_6_13"""
"4,""Categoria"",""150"",""4_6_13_150"",""IMPIANTI COLLETTIVI PER LA TUTELA DELLA QUALITA' E PER LO SVILUPPO DI FORME ASSOCIATIVE DEI PRODUTTORI"",""4_6_13"""
"4,""Categoria"",""151"",""4_6_13_151"",""INTERVENTI PER LA RICOMPOSIZIONE FONDIARIA"",""4_6_13"""
"4,""Categoria"",""152"",""4_6_13_152"",""COMPENSAZIONI SETTORE AGRICOLO E FORESTALE E DELLA PESCA ED ACQUACOLTURA"",""4_6_13"""
"4,""Categoria"",""153"",""4_6_13_153"",""SOSTEGNO IN AMBITO AGRO - SILVO AMBIENTALE"",""4_6_13"""
"4,""Categoria"",""154"",""4_6_13_154"",""FABBRICATI AGROINDUSTRIALI"",""4_6_13"""
"4,""Categoria"",""999"",""4_6_13_999"",""ALTRE OPERE E STRUTTURE PER L'AGRICOLTURA"",""4_6_13"""
"4,""Categoria"",""139"",""4_6_14_139"",""IMPIANTI DI ACQUACOLTURA"",""4_6_14"""
"4,""Categoria"",""143"",""4_6_14_143"",""STRUTTURE PER LA TRASFORMAZIONE E COMMERCIALIZZAZIONE DEI PRODOTTI DELLA PESCA ED ACQUACOLTURA"",""4_6_14"""
"4,""Categoria"",""144"",""4_6_14_144"",""MEZZI, OPERE ED ATTREZZATURE PER ATTIVITA' DI PESCA"",""4_6_14"""
"4,""Categoria"",""145"",""4_6_14_145"",""ATTREZZATURE E MEZZI PER ATTIVITA' DI CONTROLLO DELLA PESCA"",""4_6_14"""
"4,""Categoria"",""999"",""4_6_14_999"",""ALTRE ATTREZZATURE PER LA PESCA"",""4_6_14"""
"4,""Categoria"",""1"",""4_6_2_1"",""FORESTAZIONE PRODUTTIVA"",""4_6_2"""
"4,""Categoria"",""2"",""4_6_2_2"",""OPERE PER L'ACCRESCIMENTO DELLA RESILIENZA E DEL PREGIO AMBIENTALE DEGLI ECOSISTEMI FORESTALI"",""4_6_2"""
"4,""Categoria"",""3"",""4_6_2_3"",""INFRASTRUTTURE A SERVIZIO DELLE AZIENDE FORESTALI"",""4_6_2"""
"4,""Categoria"",""5"",""4_6_2_5"",""IMPIANTI PER LA RACCOLTA, LA TRASFORMAZIONE E LA COMMERCIALIZZAZIONE DI PRODOTTI FORESTALI"",""4_6_2"""
"4,""Categoria"",""6"",""4_6_2_6"",""MEZZI ED IMPIANTI PER LA PREVENZIONE E IL RIPRISTINO DA CALAMITA' NATURALI "",""4_6_2"""
"4,""Categoria"",""7"",""4_6_2_7"",""ATTREZZATURE, MACCHINARI E MEZZI TECNICI PER IL LAVORO FORESTALE "",""4_6_2"""
"4,""Categoria"",""33"",""4_6_2_33"",""CREAZIONE NUOVE FORME DI COOPERAZIONE PRODUTTIVA E COMMERCIALE"",""4_6_2"""
"4,""Categoria"",""4"",""6_10_3_4"",""AZIONI DI INNOVAZIONE SOCIALE"",""6_10_3"""
"4,""Categoria"",""5"",""6_10_3_5"",""SEMPLIFICAZIONE PROCEDURE, STANDARD DI QUALITA' E INNOVAZIONE PA "",""6_10_3"""
"4,""Categoria"",""6"",""6_10_3_6"",""AZIONI DI COOPERAZIONE"",""6_10_3"""
"4,""Categoria"",""7"",""6_10_3_7"",""ALTRE AZIONI INNOVATIVE"",""6_10_3"""
"4,""Categoria"",""1"",""6_10_30_1"",""POTENZIAMENTO DEI SERVIZI ALL'IMPIEGO - ACQUISIZIONE DI RISORSE"",""6_10_30"""
"4,""Categoria"",""2"",""6_10_30_2"",""COSTRUZIONE  E SPERIMENTAZIONE DI PROTOTIPI E MODELLI"",""6_10_30"""
"4,""Categoria"",""3"",""6_10_30_3"",""ORIENTAMENTO, CONSULENZA E FORMAZIONE DEL PERSONALE"",""6_10_30"""
"4,""Categoria"",""4"",""6_10_30_4"",""MESSA IN RETE DEGLI SERVIZI PER L'IMPIEGO"",""6_10_30"""
"4,""Categoria"",""5"",""6_10_30_5"",""CREAZIONE E SVILUPPO DI RETI / PARTENARIATI"",""6_10_30"""
"4,""Categoria"",""6"",""6_10_30_6"",""ATTIVITÀ PROMOZIONALE PER L'ATTRAZIONE DI PERSONE E IMPRESE"",""6_10_30"""
"4,""Categoria"",""7"",""6_10_30_7"",""CERTIFICAZIONE ED ACCREDITAMENTO OPERATORI"",""6_10_30"""
"4,""Categoria"",""8"",""6_10_30_8"",""ATTIVITA' DI MONITORAGGIO E VALUTAZIONE DEGLI SERVIZI PER L'IMPIEGO"",""6_10_30"""
"4,""Categoria"",""1"",""6_10_32_1"",""COSTRUZIONE E SPERIMENTAZIONE DI PROTOTIPI E MODELLI (COMPRESA LA VIDEO FORMAZIONE E L'E-LEARNING)"",""6_10_32"""
"4,""Categoria"",""2"",""6_10_32_2"",""CERTIFICAZIONE DI QUALITA' ED ACCREDITAMENTO DI SOGGETTI ATTUATORI"",""6_10_32"""
"4,""Categoria"",""3"",""6_10_32_3"",""TRASFERIMENTO BUONE PRASSI"",""6_10_32"""
"4,""Categoria"",""4"",""6_10_32_4"",""FORMAZIONE FORMATORI E OPERATORI"",""6_10_32"""
"4,""Categoria"",""5"",""6_10_32_5"",""POTENZIAMENTO STRUTTURE DEI SOGGETTI ATTUATORI"",""6_10_32"""
"4,""Categoria"",""6"",""6_10_32_6"",""CREAZIONE E SVILUPPO DI RETI / PARTENARIATI"",""6_10_32"""
"4,""Categoria"",""7"",""6_10_32_7"",""CERTIFICAZIONE DELLE COMPETENZE E RICONOSCIMENTO DELLE QUALIFICHE"",""6_10_32"""
"4,""Categoria"",""8"",""6_10_32_8"",""SISTEMI DI VALUTAZIONE DEGLI APPRENDIMENTI"",""6_10_32"""
"4,""Categoria"",""1"",""6_10_33_1"",""COSTRUZIONE E SPERIMENTAZIONE DI PROTOTIPI E MODELLI"",""6_10_33"""
"4,""Categoria"",""2"",""6_10_33_2"",""CERTIFICAZIONE DI QUALITA' ED ACCREDITAMENTO DI SOGGETTI ATTUATORI"",""6_10_33"""
"4,""Categoria"",""3"",""6_10_33_3"",""TRASFERIMENTO BUONE PRASSI"",""6_10_33"""
"4,""Categoria"",""4"",""6_10_33_4"",""FORMAZIONE DI DOCENTI, PERSONALE DELLA SCUOLA, FORMATORI E STAFF"",""6_10_33"""
"4,""Categoria"",""5"",""6_10_33_5"",""POTENZIAMENTO STRUTTURE DEI SOGGETTI ATTUATORI"",""6_10_33"""
"4,""Categoria"",""6"",""6_10_33_6"",""CREAZIONE E SVILUPPO DI RETI / PARTENARIATI"",""6_10_33"""
"4,""Categoria"",""7"",""6_10_33_7"",""STUDI E ANALISI"",""6_10_33"""
"4,""Categoria"",""8"",""6_10_33_8"",""SISTEMI DI VALUTAZIONE DEGLI APPRENDIMENTI"",""6_10_33"""
"4,""Categoria"",""9"",""6_10_33_9"",""AUTO-VALUTAZIONE E VALUTAZIONE DELLE SCUOLE"",""6_10_33"""
"4,""Categoria"",""1"",""6_10_34_1"",""COSTRUZIONE E SPERIMENTAZIONE DI PROTOTIPI E MODELLI D'INTEGRAZIONE"",""6_10_34"""
"4,""Categoria"",""2"",""6_10_34_2"",""FORMAZIONE CONGIUNTA DI FORMATORI, DOCENTI, TUTOR AZIENDALI E PERSONALE UNIVERSITA'"",""6_10_34"""
"4,""Categoria"",""3"",""6_10_34_3"",""TRASFERIMENTO BUONE PRASSI D'INTEGRAZIONE"",""6_10_34"""
"4,""Categoria"",""4"",""6_10_34_4"",""CREAZIONE E SVILUPPO DI RETI / PARTENARIATI"",""6_10_34"""
"4,""Categoria"",""1"",""6_10_35_1"","" COSTRUZIONE E SPERIMENTAZIONE DI PROTOTIPI E MODELLI"",""6_10_35"""
"4,""Categoria"",""2"",""6_10_35_2"",""CERTIFICAZIONE DI QUALITA' E ACCREDITAMENTO SOGGETTI ATTUATORI"",""6_10_35"""
"4,""Categoria"",""3"",""6_10_35_3"",""TRASFERIMENTO BUONE PRASSI"",""6_10_35"""
"4,""Categoria"",""4"",""6_10_35_4"",""ORIENTAMENTO, CONSULENZA E FORMAZIONE DEGLI OPERATORI"",""6_10_35"""
"4,""Categoria"",""5"",""6_10_35_5"",""CERTIFICAZIONE E ACCREDITAMENTO DEGLI OPERATORI"",""6_10_35"""
"4,""Categoria"",""6"",""6_10_35_6"",""CREAZIONE E SVILUPPO DI RETI/PARTENARIATI"",""6_10_35"""
"4,""Categoria"",""7"",""6_10_35_7"",""POTENZIAMENTO DELLE STRUTTURE DEI SOGGETTI ATTUATORI"",""6_10_35"""
"4,""Categoria"",""8"",""6_10_35_8"",""PROMOZIONE DELLA RESPONSABILITA' SOCIALE D'IMPRESA"",""6_10_35"""
"4,""Categoria"",""403"",""6_10_41_403"",""ASSISTENZA TECNICA ALLA PREPARAZIONE, REALIZZAZIONE, E SORVEGLIANZA E VALUTAZIONE (INCLUSA L'ASSISTENZA PER LA REDAZIONE DI PIANI E PROGRAMMI)"",""6_10_41"""
"4,""Categoria"",""410"",""6_10_41_410"",""SISTEMI DI MONITORAGGIO"",""6_10_41"""
"4,""Categoria"",""411"",""6_10_41_411"",""STUDI E ANALISI"",""6_10_41"""
"4,""Categoria"",""412"",""6_10_41_412"",""ANALISI DI FATTIBILITA'"",""6_10_41"""
"4,""Categoria"",""413"",""6_10_41_413"",""FORMAZIONE DEL PERSONALE  (INCLUSA L'ALFABETIZZAZIONE DIGITALE)"",""6_10_41"""
"4,""Categoria"",""414"",""6_10_41_414"",""TRASFERIMENTO BUONE PRASSI"",""6_10_41"""
"4,""Categoria"",""415"",""6_10_41_415"",""ADEGUAMENTO E INNOVAZIONE DEGLI ASSETTI ORGANIZZATIVI"",""6_10_41"""
"4,""Categoria"",""416"",""6_10_41_416"",""FUNZIONAMENTO PROGRAMMI E PER LA MULTILEVEL GOVERNANCE (INCLUSA  LA CONSULTAZIONE DEL PARTENARIATO)"",""6_10_41"""
"4,""Categoria"",""417"",""6_10_41_417"",""INNALZAMENTO QUALITA' DEI SERVIZI"",""6_10_41"""
"4,""Categoria"",""499"",""6_10_41_499"",""ALTRE ATTIVITA' DI CONSULENZA E ASSISTENZA TECNICA"",""6_10_41"""
"4,""Categoria"",""1"",""6_10_43_1"",""SERVIZI DI ORIENTAMENTO, ACCOGLIENZA E PRESA IN CARICO"",""6_10_43"""
"4,""Categoria"",""2"",""6_10_43_2"",""SUPPORTO/ACCOMPAGNAMENTO ALLA TRANSIZIONE SCUOLA FORMAZIONE LAVORO"",""6_10_43"""
"4,""Categoria"",""3"",""6_10_43_3"",""ORIENTAMENTO SPECIALISTICO (BILANCIO COMPETENZE)"",""6_10_43"""
"4,""Categoria"",""4"",""6_10_43_4"",""AZIONI DI ACCOMPAGNAMENTO AL LAVORO"",""6_10_43"""
"4,""Categoria"",""1"",""6_10_92_1"",""ASSISTENZA A PERSONE A CARICO (INCLUSO SERVIZI PER L'INFANZIA)"",""6_10_92"""
"4,""Categoria"",""2"",""6_10_92_2"",""SALUTE E SICUREZZA"",""6_10_92"""
"4,""Categoria"",""3"",""6_10_92_3"",""SERVIZI DI TRASPORTO CASA-LAVORO"",""6_10_92"""
"4,""Categoria"",""4"",""6_10_92_4"",""SERVIZI DI MENSA"",""6_10_92"""
"4,""Categoria"",""999"",""6_10_92_999"",""ALTRI SERVIZI AI DIPENDENTI DI IMPRESE PRODUTTIVE"",""6_10_92"""
"4,""Categoria"",""1"",""6_10_93_1"",""SERVIZI DI TRASPORTO ALLE PERSONE"",""6_10_93"""
"4,""Categoria"",""2"",""6_10_93_2"",""SERVIZI ASSISTENZIALI AGLI ANZIANI E ALL'INFANZIA"",""6_10_93"""
"4,""Categoria"",""3"",""6_10_93_3"",""ATTIVITA' DI SOSTEGNO CULTURALE"",""6_10_93"""
"4,""Categoria"",""4"",""6_10_93_4"",""SERVIZI SANITARI"",""6_10_93"""
"4,""Categoria"",""5"",""6_10_93_5"",""PIANI DI SVILUPPO TERRITORIALE"",""6_10_93"""
"4,""Categoria"",""999"",""6_10_93_999"",""ALTRI SERVIZI"",""6_10_93"""
"4,""Categoria"",""1"",""6_10_94_1"",""SERVIZI PER L'ACCESSO E LA PRESA IN CARICO DA PARTE DELLA RETE ASSISTENZIALE"",""6_10_94"""
"4,""Categoria"",""2"",""6_10_94_2"",""SERVIZI E MISURE PER FAVORIRE LA PERMANENZA A DOMICILIO"",""6_10_94"""
"4,""Categoria"",""3"",""6_10_94_3"",""CENTRI DIURNI E SERVIZI PER LA PRIMA INFANZIA"",""6_10_94"""
"4,""Categoria"",""4"",""6_10_94_4"",""SERVIZI TERRITORIALI A CARATTERE RESIDENZIALE PER LE FRAGILITA'"",""6_10_94"""
"4,""Categoria"",""5"",""6_10_94_5"",""MISURE DI INCLUSIONE SOCIALE-SOSTEGNO AL REDDITO"",""6_10_94"""
"4,""Categoria"",""911"",""6_10_99_911"",""ASSISTENZA SOCIALE ED ALTRI SERVIZI ALLA PERSONA"",""6_10_99"""
"4,""Categoria"",""912"",""6_10_99_912"",""SERVIZI SANITARI"",""6_10_99"""
"4,""Categoria"",""999"",""6_10_99_999"",""ALTRI SERVIZI PER LA COLLETTIVITA'"",""6_10_99"""
